uid,title,traits
4879765,NM_000533.5(PLP1):c.740del (p.Ala247fs),Pelizaeus-Merzbacher disease
4852056,GRCh38/hg38 Xq21.31-28(chrX:89027698-156040895)x1,See cases
4851184,GRCh37/hg19 Xq11.1-28(chrX:61882086-155233731)x3,not specified
4849855,GRCh37/hg19 Xq22.2(chrX:103031924-103045526)x2,Pelizaeus-Merzbacher disease
4813545,NM_000533.5(PLP1):c.646C>A (p.Pro216Thr),Pelizaeus-Merzbacher disease
4813481,NM_000533.5(PLP1):c.590_591del (p.Ile197fs),Pelizaeus-Merzbacher disease
4796629,NM_000533.5(PLP1):c.350_377dup (p.Arg127fs),Pelizaeus-Merzbacher disease; Hereditary spastic paraplegia 2
4759350,NM_000533.5(PLP1):c.343del (p.Ala115fs),Hereditary spastic paraplegia 2
4683035,GRCh37/hg19 Xq13.1-22.2(chrX:70460290-103312921)x3,not provided
4683032,GRCh37/hg19 Xq22.2(chrX:102988399-103291789)x3,not provided
4683020,GRCh37/hg19 Xq21.1-22.3(chrX:77574432-106660031)x1,not provided
4539014,Single allele,Menkes kinky-hair syndrome
4536077,NC_000023.10:g.(?_103031767)_(103047549_?)dup,Pelizaeus-Merzbacher disease
4279153,GRCh37/hg19 Xq13.1-22.3(chrX:69013433-104620838)x2,not specified
4076046,GRCh37/hg19 Xq13.1-27.1(chrX:71017904-140066710)x4,not specified
4076037,GRCh37/hg19 Xq13.1-22.2(chrX:70460290-103312921)x4,not specified
4076021,GRCh37/hg19 Xq21.33-24(chrX:94003368-117218485)x1,not specified
3907190,NM_000533.5(PLP1):c.92T>C (p.Leu31Pro),Pelizaeus-Merzbacher disease
3905632,NM_000533.5(PLP1):c.716T>C (p.Leu239Pro),not provided
3776752,NM_000533.5(PLP1):c.758C>G (p.Ser253Cys),Pelizaeus-Merzbacher disease
3723230,NM_000533.5(PLP1):c.1_2del (p.Met1fs),Hereditary spastic paraplegia 2
3721817,NM_000533.5(PLP1):c.374dup (p.Ser126fs),Hereditary spastic paraplegia 2
3660851,NM_000533.5(PLP1):c.220G>T (p.Gly74Ter),Hereditary spastic paraplegia 2
3603496,NM_000533.5(PLP1):c.4+1G>T,Hereditary spastic paraplegia 2
3391958,GRCh37/hg19 Xq21.32-26.1(chrX:92712119-129831493)x1,not provided
3391957,GRCh37/hg19 Xq21.31-23(chrX:91004293-111532472)x1,not provided
3391956,GRCh37/hg19 Xq21.2-22.3(chrX:84607697-104579525)x1,not provided
3383221,NM_000533.5(PLP1):c.254dup (p.Leu86fs),Pelizaeus-Merzbacher disease
3375465,NM_000533.5(PLP1):c.622+1G>A,Pelizaeus-Merzbacher disease; Hereditary spastic paraplegia 2
3369100,NM_000533.5(PLP1):c.62C>T (p.Ala21Val),not provided
3362863,NM_000533.5(PLP1):c.763-1G>T,Pelizaeus-Merzbacher disease
3340088,NC_000023.11:g.(?_103776942)_(103790556_?)dup,Pelizaeus-Merzbacher disease
3338102,NM_000533.5(PLP1):c.762G>A (p.Leu254=),Pelizaeus-Merzbacher disease
3338101,NM_000533.5(PLP1):c.697-54_711delinsTTTATT,Pelizaeus-Merzbacher disease
3338067,NM_000533.5(PLP1):c.425dup (p.Leu142fs),Pelizaeus-Merzbacher disease
3255463,NM_000533.5(PLP1):c.94T>C (p.Phe32Leu),Pelizaeus-Merzbacher disease
3255462,NM_000533.5(PLP1):c.137T>C (p.Leu46Pro),Pelizaeus-Merzbacher disease
3255461,NM_000533.5(PLP1):c.92T>G (p.Leu31Arg),Pelizaeus-Merzbacher disease
3255459,NM_000533.5(PLP1):c.834A>G (p.Ter278Trp),Pelizaeus-Merzbacher disease
3255457,NM_000533.5(PLP1):c.761T>C (p.Leu254Pro),Pelizaeus-Merzbacher disease
3255456,NM_000533.5(PLP1):c.758C>T (p.Ser253Phe),Pelizaeus-Merzbacher disease
3255455,NM_000533.5(PLP1):c.752T>C (p.Leu251Pro),Pelizaeus-Merzbacher disease
3255454,NM_000533.5(PLP1):c.736G>T (p.Gly246Trp),Pelizaeus-Merzbacher disease
3255453,NM_000533.5(PLP1):c.730T>G (p.Phe244Val),Pelizaeus-Merzbacher disease
3255452,NM_000533.5(PLP1):c.728C>T (p.Ala243Val),Pelizaeus-Merzbacher disease
3255451,NM_000533.5(PLP1):c.728C>A (p.Ala243Glu),Pelizaeus-Merzbacher disease
3255449,NM_000533.5(PLP1):c.697-2A>C,Pelizaeus-Merzbacher disease
3255448,NM_000533.5(PLP1):c.676T>C (p.Ser226Pro),Pelizaeus-Merzbacher disease; not provided; Hereditary spastic paraplegia 2
3255447,NM_000533.5(PLP1):c.658T>C (p.Cys220Arg),Pelizaeus-Merzbacher disease
3255446,NM_000533.5(PLP1):c.125G>A (p.Gly42Asp),Pelizaeus-Merzbacher disease
3255445,NM_000533.5(PLP1):c.656T>G (p.Val219Gly),Pelizaeus-Merzbacher disease
3255444,NM_000533.5(PLP1):c.644del (p.Phe215fs),Pelizaeus-Merzbacher disease
3255443,NM_000533.5(PLP1):c.628C>T (p.Leu210Phe),not provided; Pelizaeus-Merzbacher disease
3255442,NM_000533.5(PLP1):c.619T>C (p.Tyr207His),Pelizaeus-Merzbacher disease
3255441,NM_000533.5(PLP1):c.619T>A (p.Tyr207Asn),Pelizaeus-Merzbacher disease
3255440,NM_000533.5(PLP1):c.613del (p.Arg205fs),Pelizaeus-Merzbacher disease
3255439,NM_000533.5(PLP1):c.56T>C (p.Leu19Pro),Pelizaeus-Merzbacher disease
3255438,NM_000533.5(PLP1):c.121A>C (p.Thr41Pro),Pelizaeus-Merzbacher disease
3255437,NM_000533.5(PLP1):c.517C>T (p.Pro173Ser),Pelizaeus-Merzbacher disease
3255436,NM_000533.5(PLP1):c.51_54del (p.Ser18fs),Pelizaeus-Merzbacher disease
3255434,NM_000533.5(PLP1):c.458del (p.Val153fs),Pelizaeus-Merzbacher disease
3255433,NM_000533.5(PLP1):c.454-314T>A,Pelizaeus-Merzbacher disease
3255432,NM_000533.5(PLP1):c.454-2A>G,Pelizaeus-Merzbacher disease
3255431,NM_000533.5(PLP1):c.454-1G>T,Pelizaeus-Merzbacher disease
3255430,NM_000533.5(PLP1):c.453G>T (p.Lys151Asn),Pelizaeus-Merzbacher disease
3255429,NM_000533.5(PLP1):c.119T>A (p.Leu40His),Pelizaeus-Merzbacher disease
3255427,NM_000533.5(PLP1):c.430A>T (p.Lys144Ter),Pelizaeus-Merzbacher disease
3255426,NM_000533.5(PLP1):c.113_115del (p.Glu38del),Pelizaeus-Merzbacher disease
3255425,NM_000533.5(PLP1):c.412del (p.Val138fs),Pelizaeus-Merzbacher disease
3255424,NM_000533.5(PLP1):c.385C>T (p.Gln129Ter),Pelizaeus-Merzbacher disease
3255421,NM_000533.5(PLP1):c.359del (p.Gly120fs),Pelizaeus-Merzbacher disease
3255420,NM_000533.5(PLP1):c.347C>A (p.Thr116Lys),Pelizaeus-Merzbacher disease
3255419,NM_000533.5(PLP1):c.2T>A (p.Met1Lys),Pelizaeus-Merzbacher disease
3255418,NM_000533.5(PLP1):c.282del (p.Gly95fs),Pelizaeus-Merzbacher disease
3255417,NM_000533.5(PLP1):c.260T>C (p.Leu87Pro),Pelizaeus-Merzbacher disease
3255416,NM_000533.5(PLP1):c.254T>G (p.Leu85Arg),Pelizaeus-Merzbacher disease; not provided
3255415,NM_000533.5(PLP1):c.242T>G (p.Leu81Arg),Pelizaeus-Merzbacher disease
3255413,NM_000533.5(PLP1):c.105T>A (p.Cys35Ter),Pelizaeus-Merzbacher disease
3255410,NM_000533.5(PLP1):c.221G>A (p.Gly74Glu),Pelizaeus-Merzbacher disease
3255408,NM_000533.5(PLP1):c.206A>T (p.Gln69Leu),Pelizaeus-Merzbacher disease
3255407,NM_000533.5(PLP1):c.192-2A>G,Pelizaeus-Merzbacher disease
3255406,NM_000533.5(PLP1):c.192-2A>C,Pelizaeus-Merzbacher disease
3255404,NM_000533.5(PLP1):c.151T>G (p.Phe51Val),Pelizaeus-Merzbacher disease
3255403,NM_000533.5(PLP1):c.103T>C (p.Cys35Arg),Pelizaeus-Merzbacher disease
3252101,NM_000533.5(PLP1):c.623-2A>C,Pelizaeus-Merzbacher disease
3252100,NM_000533.5(PLP1):c.554_564del (p.Gln185fs),Pelizaeus-Merzbacher disease
3252099,NM_000533.5(PLP1):c.406_422del (p.Glu136fs),Pelizaeus-Merzbacher disease
3252098,NM_000533.5(PLP1):c.380_392del (p.Arg127fs),Pelizaeus-Merzbacher disease
3242589,GRCh38/hg38 Xp22.33-q28(chrX:2757837-156030895)x2,Klinefelter syndrome
3064393,NM_000533.5(PLP1):c.694G>A (p.Glu232Lys),Pelizaeus-Merzbacher disease
3061938,NM_000533.5(PLP1):c.623G>T (p.Gly208Val),Auditory neuropathy spectrum disorder
3030928,NM_000533.5(PLP1):c.83G>A (p.Gly28Glu),Pelizaeus-Merzbacher disease
3024654,GRCh37/hg19 Xq12-28(chrX:67292994-155240074)x3,not provided
2847162,NM_000533.5(PLP1):c.361C>T (p.Gln121Ter),Hereditary spastic paraplegia 2
2815078,NM_000533.5(PLP1):c.406G>T (p.Glu136Ter),Hereditary spastic paraplegia 2
2737323,NM_000533.5(PLP1):c.608A>G (p.Asp203Gly),Hereditary spastic paraplegia 2
2704479,NM_000533.5(PLP1):c.176_177dup (p.Tyr60fs),Hereditary spastic paraplegia 2
2685715,GRCh37/hg19 Xq21.31-25(chrX:91274467-126799984)x1,not provided
2685000,GRCh37/hg19 Xq21.33-22.3(chrX:96349060-106950847)x3,not provided
2684996,GRCh37/hg19 Xq21.1-24(chrX:77212972-118576590)x3,not provided
2664647,NM_000533.5(PLP1):c.613A>G (p.Arg205Gly),not provided
2581156,NM_000533.5(PLP1):c.454-1G>A,Pelizaeus-Merzbacher disease
2575061,NM_000533.5(PLP1):c.789C>G (p.Tyr263Ter),Hereditary spastic paraplegia 2; Pelizaeus-Merzbacher disease
2506546,GRCh37/hg19 Xp22.33-q28(chrX:200855-155240074),Klinefelter syndrome
2443314,NM_000533.5(PLP1):c.505T>C (p.Cys169Arg),Pelizaeus-Merzbacher disease
2423248,NC_000023.10:g.(?_103040922)_(103042832_?)del,Hereditary spastic paraplegia 2
2423246,NC_000023.10:g.(?_103042707)_(103045526_?)del,Hereditary spastic paraplegia 2
2423244,NC_000023.10:g.(?_103031924)_(103045526_?)del,Hereditary spastic paraplegia 2
2138679,NM_000533.5(PLP1):c.697-1G>A,Hereditary spastic paraplegia 2
2138677,NM_000533.5(PLP1):c.670C>T (p.Leu224Phe),Hereditary spastic paraplegia 2
2080617,NM_000533.5(PLP1):c.588dup (p.Ile197fs),Hereditary spastic paraplegia 2
2053904,NM_000533.5(PLP1):c.180T>G (p.Tyr60Ter),Hereditary spastic paraplegia 2
2043641,NM_000533.5(PLP1):c.435G>A (p.Trp145Ter),Hereditary spastic paraplegia 2
2015521,NM_000533.5(PLP1):c.553C>T (p.Gln185Ter),Hereditary spastic paraplegia 2
2002058,NM_000533.5(PLP1):c.5-1G>A,Hereditary spastic paraplegia 2
1932099,NM_000533.5(PLP1):c.142_152del (p.Glu48fs),Hereditary spastic paraplegia 2
1878514,NM_000533.5(PLP1):c.754del (p.Val252fs),not provided; Pelizaeus-Merzbacher disease
1809199,GRCh37/hg19 Xq22.2(chrX:103017429-103236332)x3,not provided
1808673,GRCh37/hg19 Xq21.33-24(chrX:93805850-118913329)x1,not provided
1710513,GRCh37/hg19 Xq21.1-24(chrX:76794355-119282836)x3,not provided
1707442,GRCh37/hg19 Xp22.2-q28(chrX:11522765-155233731)x1,See cases
1706520,GRCh37/hg19 Xq21.1-28(chrX:77670699-155233731)x1,See cases
1704345,GRCh37/hg19 Xp22.33-q28(chrX:61545-155226048)x2,Klinefelter syndrome
1699073,NM_000533.5(PLP1):c.226G>C (p.Ala76Pro),Pelizaeus-Merzbacher disease
1698358,NM_000533.5(PLP1):c.454-10A>G,not provided
1695310,NM_000533.5(PLP1):c.354del (p.Gly120fs),not provided
1686084,NM_000533.5(PLP1):c.665C>G (p.Ser222Cys),Pelizaeus-Merzbacher disease
1526837,GRCh37/hg19 Xq22.2-22.3(chrX:103046942-104214535)x1,not specified
1526836,GRCh37/hg19 Xq22.1-22.2(chrX:102582446-103203574)x3,not specified
1526834,GRCh37/hg19 Xq22.1-24(chrX:101982475-116885339)x3,not specified
1483024,NM_000533.5(PLP1):c.453+1G>T,Hereditary spastic paraplegia 2
1459546,NM_000533.5(PLP1):c.205C>T (p.Gln69Ter),Hereditary spastic paraplegia 2
1458915,NC_000023.10:g.(?_103031003)_(103031929_?)del,Hereditary spastic paraplegia 2
1388919,NM_000533.5(PLP1):c.416_417del (p.Cys139fs),Hereditary spastic paraplegia 2
1387745,NM_000533.5(PLP1):c.428del (p.Gly143fs),Hereditary spastic paraplegia 2
1345557,NM_000533.5(PLP1):c.4+1G>A,Hereditary spastic paraplegia 2
1344466,NM_000533.5(PLP1):c.442C>T (p.His148Tyr),Hereditary spastic paraplegia; Pelizaeus-Merzbacher disease; Hereditary spastic paraplegia 2
1341233,GRCh37/hg19 Xp22.33-q28(chrX:168546-155233731)x1,not provided
1341223,GRCh37/hg19 Xp22.33-q28(chrX:168546-155233731)x3,not provided
1335786,NM_000533.5(PLP1):c.684C>A (p.Cys228Ter),not provided
1209858,GRCh37/hg19 Xq21.32-23(chrX:91829757-113050225)x1,Xq21.32q23 deletion
1184577,NM_000533.5(PLP1):c.423_426del (p.Cys141fs),Hereditary spastic paraplegia 2
1180551,GRCh37/hg19 Xp22.33-q28(chrX:60000-155234966)x1,not provided
1077188,Single allele,Hereditary spastic paraplegia 2; Pelizaeus-Merzbacher disease
1068867,NC_000023.10:g.(?_103031924)_(103045526_?)dup,Hereditary spastic paraplegia 2
1068182,NM_000533.5(PLP1):c.647C>T (p.Pro216Leu),Pelizaeus-Merzbacher disease; Hereditary spastic paraplegia 2; not provided
1029901,NM_000533.5(PLP1):c.670C>A (p.Leu224Ile),Hereditary spastic paraplegia 2
1028820,NM_000533.5(PLP1):c.21T>A (p.Cys7Ter),Pelizaeus-Merzbacher disease
992648,GRCh37/hg19 Xp11.21-q28(chrX:56469080-155233731)x3,not provided
989198,NM_000533.5(PLP1):c.27_34dup (p.Val12fs),Hereditary spastic paraplegia 2
985224,NM_000533.5(PLP1):c.696+1G>A,not provided; Inborn genetic diseases; Pelizaeus-Merzbacher disease; Hereditary spastic paraplegia 2
983156,GRCh37/hg19 Xp11.21-q28(chrX:55507789-155198481)x3,See cases
981179,NM_000533.5(PLP1):c.25A>T (p.Arg9Ter),Spasticity
979836,GRCh37/hg19 Xq21.33-28(chrX:94264404-155233731)x1,not provided
979829,GRCh37/hg19 Xq21.1-25(chrX:77514079-127770854)x1,not provided
952824,NM_000533.5(PLP1):c.454-314T>G,Hereditary spastic paraplegia 2
944578,NM_000533.5(PLP1):c.441A>T (p.Gly147=),Pelizaeus-Merzbacher disease; Hereditary spastic paraplegia 2
931338,NM_000533.5(PLP1):c.743C>A (p.Ala248Glu),Pelizaeus-Merzbacher disease
930478,NM_000533.5(PLP1):c.173A>G (p.Tyr58Cys),Pelizaeus-Merzbacher disease
872031,GRCh37/hg19 Xq22.2(chrX:103031924-103044327)x1,not provided
870774,NM_000533.5(PLP1):c.543_551del (p.Trp181_Thr183del),not provided
832054,NC_000023.10:g.(?_102831398)_(103220942_?)dup,Hereditary spastic paraplegia 2
830310,NC_000023.10:g.102632399_103221016del,Global developmental delay
817891,NM_000533.5(PLP1):c.712_713insTGCAGTTCCAAATG (p.His238fs),not provided; Hereditary spastic paraplegia 2
817275,NM_000533.5(PLP1):c.739del (p.Ala247fs),not provided
816706,NM_000533.5(PLP1):c.453+164G>A,Pelizaeus-Merzbacher disease
816705,NM_000533.5(PLP1):c.453+159G>A,not provided
816628,NM_000533.5(PLP1):c.709T>G (p.Phe237Val),Pelizaeus-Merzbacher disease
816375,GRCh37/hg19 Xq22.2(chrX:102742391-103109211)x2,not provided
816368,GRCh37/hg19 Xq21.1-28(chrX:84387417-155233731)x1,not provided
816364,GRCh37/hg19 Xq21.1-28(chrX:78444738-155233731)x1,not provided
807795,NM_000533.5(PLP1):c.410G>T (p.Arg137Leu),not provided
804068,NM_000533.5(PLP1):c.551G>A (p.Cys184Tyr),Pelizaeus-Merzbacher disease
804067,NM_000533.5(PLP1):c.295C>T (p.Gln99Ter),Pelizaeus-Merzbacher disease
691852,GRCh37/hg19 Xq22.2(chrX:102967297-103038606)x0,Hereditary spastic paraplegia 2
691851,GRCh37/hg19 Xq22.2(chrX:103029773-103036548)x1,"Spastic Paraplegia 2, mild, late onset"
691850,GRCh37/hg19 Xq22.2(chrX:103029773-103036548)x0,Hereditary spastic paraplegia 2
691849,GRCh37/hg19 Xq22.1-22.3(chrX:101029649-106702784)x1,Early Onset Neurological Disease Trait
691848,GRCh37/hg19 Xq22.1-22.3(chrX:102066350-105409822)x1,Early Onset Neurological Disease Trait
691846,GRCh37/hg19 Xq22.1-22.2(chrX:100866604-103411980)x1,Early Onset Neurological Disease Trait
691845,GRCh37/hg19 Xq22.2(chrX:102615641-103309503)x1,Early Onset Neurological Disease Trait
688137,GRCh37/hg19 Xp22.33-q28(chrX:168546-155233731)x1,not provided
685566,GRCh37/hg19 Xp11.1-q28(chrX:58455352-155233731)x1,not provided
685331,GRCh37/hg19 Xp22.33-q28(chrX:168546-155233731)x4,not provided
684964,GRCh37/hg19 Xq21.32-28(chrX:92814516-155233731)x1,not provided
660146,NC_000023.10:g.(?_103031893)_(103045536_?)dup,Hereditary spastic paraplegia 2
655751,NC_000023.10:g.(?_103031893)_(103045546_?)del,Hereditary spastic paraplegia 2
654165,NM_000533.5(PLP1):c.4+1del,Hereditary spastic paraplegia 2; Pelizaeus-Merzbacher disease
642236,NM_000533.5(PLP1):c.489G>A (p.Trp163Ter),Hereditary spastic paraplegia 2
626291,Single allele,Syndromic X-linked intellectual disability Lubs type
626281,NM_000533.5(PLP1):c.104G>A (p.Cys35Tyr),not provided
564880,GRCh37/hg19 Xq22.2(chrX:103032630-103328582)x2,not provided
564879,GRCh37/hg19 Xq22.2(chrX:102984836-103329001)x2,not provided
564878,GRCh37/hg19 Xq22.2(chrX:102767250-103236332)x2,not provided
564877,GRCh37/hg19 Xq22.2(chrX:102718261-103490112)x2,not provided
564874,GRCh37/hg19 Xq22.1-28(chrX:99324651-155233731)x1,not provided
564868,GRCh37/hg19 Xq21.31-28(chrX:91140025-155233731)x1,not provided
561088,NM_000533.5(PLP1):c.166C>T (p.Gln56Ter),Pelizaeus-Merzbacher disease
545551,NC_000023.10:g.36649710_136649711del100000002insG,"Heterotaxy, visceral, 1, X-linked"
545437,NM_000533.5(PLP1):c.658T>G (p.Cys220Gly),Pelizaeus-Merzbacher disease; Intellectual disability
533385,NC_000023.10:g.(?_103031893)_(103045546_?)dup,Hereditary spastic paraplegia 2
533383,NM_000533.5(PLP1):c.415_418delinsAGT (p.Cys139fs),Hereditary spastic paraplegia 2
521932,NM_000533.5(PLP1):c.2T>G (p.Met1Arg),Inborn genetic diseases; Pelizaeus-Merzbacher disease; Hereditary spastic paraplegia 2
520586,NM_000533.5(PLP1):c.354_355del (p.Gly120fs),Inborn genetic diseases; not provided; Hereditary spastic paraplegia 2; Pelizaeus-Merzbacher disease
503691,NM_000533.5(PLP1):c.453+2T>C,not provided; Pelizaeus-Merzbacher disease
496683,NM_000533.5(PLP1):c.617T>G (p.Met206Arg),Pelizaeus-Merzbacher disease
489362,NM_000533.5(PLP1):c.453+1G>C,not provided
488580,NM_000533.5(PLP1):c.817C>T (p.Arg273Ter),Hereditary spastic paraplegia 2; not provided; Pelizaeus-Merzbacher disease
488014,Single allele,Autism; Schizophrenia
448087,NM_000533.5(PLP1):c.789C>A (p.Tyr263Ter),not provided
443974,GRCh37/hg19 Xp22.33-q28(chrX:168547-155233731),See cases
443946,GRCh37/hg19 Xp22.33-q23(chrX:168547-112474026)x1,See cases
443504,GRCh37/hg19 Xp21.2-q28(chrX:31088082-155233731)x1,See cases
443106,GRCh37/hg19 Xq21.31-23(chrX:86776682-114054291)x1,See cases
443017,GRCh37/hg19 Xp11.21-q28(chrX:56457791-155233731)x3,See cases
442945,GRCh37/hg19 Xq21.1-28(chrX:78230501-155233731)x1,See cases
442724,GRCh37/hg19 Xp22.33-q28(chrX:168547-151304063)x1,See cases
442712,GRCh37/hg19 Xq22.1-28(chrX:98495811-155233731)x1,See cases
442646,GRCh37/hg19 Xp11.21-q28(chrX:57415659-155233731)x3,See cases
442531,GRCh37/hg19 Xp11.21-q28(chrX:55000501-155230750)x3,See cases
442422,GRCh37/hg19 Xq21.31-28(chrX:86900388-155233731)x1,See cases
442321,GRCh37/hg19 Xp11.21-q28(chrX:57511767-155233731)x3,See cases
442001,GRCh37/hg19 Xq21.1-28(chrX:79862302-155233731)x1,See cases
441843,GRCh37/hg19 Xq13.3-24(chrX:74560735-116609286),See cases
432514,NM_000533.5(PLP1):c.453+3G>C,not provided
431701,NM_000533.5(PLP1):c.384_393del (p.Gln129fs),Pelizaeus-Merzbacher disease
431078,NM_000533.5(PLP1):c.365A>G (p.Lys122Arg),Hereditary spastic paraplegia 2
423301,NM_000533.5(PLP1):c.531C>A (p.Tyr177Ter),not provided
420045,NM_000533.5(PLP1):c.98G>A (p.Cys33Tyr),not provided
417363,NC_000023.10:g.(?_103031754)_(103047548_?)dup,Hereditary spastic paraplegia 2
405941,NM_000533.5(PLP1):c.140T>C (p.Ile47Thr),Pelizaeus-Merzbacher disease; Hereditary spastic paraplegia 2; Pelizaeus-Merzbacher disease; Hereditary spastic paraplegia 2
397513,NM_000533.5(PLP1):c.175G>T (p.Glu59Ter),Pelizaeus-Merzbacher disease
395718,GRCh37/hg19 Xp22.33-q28(chrX:70297-155246585)x1,See cases
395717,GRCh37/hg19 Xq22.1-22.2(chrX:99611312-103506684),See cases
395687,GRCh37/hg19 Xp22.33-q28(chrX:70297-155255792),See cases
395686,GRCh37/hg19 Xp22.33-q28(chrX:70297-155255792)x4,See cases
395246,GRCh37/hg19 Xq21.33-28(chrX:94043221-155246585)x1,See cases
394846,GRCh37/hg19 Xq21.33-26.1(chrX:95498487-129063677)x3,See cases
394706,GRCh37/hg19 Xp22.33-q28(chrX:60701-155246225)x3,See cases
394672,GRCh37/hg19 Xp22.33-q28(chrX:318707-155224707)x1,See cases
394066,GRCh37/hg19 Xq13.2-27.1(chrX:72224362-139262228)x4,See cases
394013,GRCh37/hg19 Xp22.33-q28(chrX:71267-155255792)x1,See cases
290425,NM_000533.5(PLP1):c.453G>A (p.Lys151=),Pelizaeus-Merzbacher disease; Hereditary spastic paraplegia 2; not provided
280862,NM_000533.5(PLP1):c.191+1G>T,not provided
280441,NM_000533.5(PLP1):c.673del (p.Leu225fs),not provided
267338,NC_000023.10:g.(?_103031918)_(103045531_?)dup,Hereditary spastic paraplegia 2
265417,NM_000533.5(PLP1):c.607G>A (p.Asp203Asn),not provided; Pelizaeus-Merzbacher disease
265416,NM_000533.5(PLP1):c.191+1G>A,not provided; Hereditary spastic paraplegia 2
265341,NM_000533.5(PLP1):c.762+2T>C,not provided
253652,GRCh37/hg19 Xp22.33-q28(chrX:71267-155246643)x3,See cases
253624,GRCh37/hg19 Xp22.33-q28(chrX:60701-155246271)x3,See cases
253616,GRCh37/hg19 Xq11.1-28(chrX:62063537-155246643)x3,See cases
253613,GRCh37/hg19 Xp22.2-q28(chrX:13147668-155250222)x3,See cases
253602,GRCh37/hg19 Xp22.33-q28(chrX:176426-155236656)x3,See cases
253583,GRCh37/hg19 Xp22.33-q28(chrX:225816-155234036)x2,See cases
253572,GRCh37/hg19 Xq11.1-28(chrX:62063537-155250222)x3,See cases
253519,GRCh37/hg19 Xq22.2(chrX:102774255-103167770)x3,See cases
253495,GRCh37/hg19 Xp22.33-q28(chrX:71267-155224766)x1,See cases
253492,GRCh37/hg19 Xp22.33-q28(chrX:71267-155255839)x1,See cases
253487,GRCh37/hg19 Xp22.33-q28(chrX:2707626-155250222)x2,See cases
253460,GRCh37/hg19 Xq22.2(chrX:103031174-103046823)x0,See cases
253458,GRCh37/hg19 Xp22.33-q28(chrX:150002-155234036)x2,See cases
253438,GRCh37/hg19 Xp22.33-q28(chrX:176426-155250222)x3,See cases
253432,GRCh37/hg19 Xp22.33-q28(chrX:150002-155234036)x3,See cases
253389,GRCh37/hg19 Xp22.33-q28(chrX:71267-155234036)x2,See cases
253376,GRCh37/hg19 Xp22.33-q28(chrX:70297-155255839)x3,See cases
235599,NM_000533.5(PLP1):c.388C>T (p.His130Tyr),not provided; Hereditary spastic paraplegia 2
221776,GRCh37/hg19 Xq22.1-24(chrX:99931059-120328627)x1,Premature ovarian failure
219649,NM_000533.5(PLP1):c.2T>C (p.Met1Thr),Inborn genetic diseases; Hereditary spastic paraplegia 2
209183,NM_000533.5(PLP1):c.1A>G (p.Met1Val),Pelizaeus-Merzbacher disease; Hereditary spastic paraplegia 2
191252,NM_000533.5(PLP1):c.650G>A (p.Gly217Asp),Hereditary spastic paraplegia 2
161091,GRCh38/hg38 Xp22.33-q28(chrX:26102-155996431)x3,See cases
161089,GRCh38/hg38 Xp22.33-q28(chrX:14245-155999293)x1,See cases
161088,GRCh38/hg38 Xp22.33-q28(chrX:26102-155996431)x1,See cases
160983,GRCh38/hg38 Xp22.33-q28(chrX:10679-156013167)x1,See cases
160897,GRCh38/hg38 Xp22.33-q28(chrX:10679-156022206)x3,See cases
160890,GRCh38/hg38 Xp22.33-q28(chrX:10679-156022206)x1,See cases
155374,GRCh38/hg38 Xp22.33-q28(chrX:251879-156004066)x1,See cases
155366,GRCh38/hg38 Xp22.33-q28(chrX:251879-156004066)x3,See cases
155357,GRCh38/hg38 Xq13.2-28(chrX:74684615-156004066)x1,See cases
155282,GRCh38/hg38 Xp11.22-q28(chrX:53144751-156003242)x1,See cases
155152,GRCh38/hg38 Xp22.33-q28(chrX:251880-156004066)x3,See cases
155065,GRCh38/hg38 Xq13.3-28(chrX:76557425-156004066)x1,See cases
154558,GRCh38/hg38 Xp22.33-q28(chrX:10701-156003229)x3,See cases
154304,GRCh38/hg38 Xq21.1-23(chrX:81109470-109442793)x1,See cases
154252,GRCh38/hg38 Xq21.1-28(chrX:78187188-156004066)x1,See cases
153937,GRCh38/hg38 Xp22.33-q24(chrX:251879-118847157)x3,See cases
153756,GRCh38/hg38 Xq21.2-28(chrX:86626431-156004066)x1,See cases
153730,GRCh38/hg38 Xq21.31-28(chrX:89557622-156004066)x1,See cases
153436,GRCh38/hg38 Xq21.1-28(chrX:82096719-156004066)x1,See cases
153303,GRCh38/hg38 Xp11.22-q24(chrX:50289384-119297604),See cases
152902,GRCh38/hg38 Xq22.2(chrX:103602874-103881017)x2,See cases
152900,GRCh38/hg38 Xp22.33-q28(chrX:20297-156016920)x3,See cases
152899,GRCh38/hg38 Xp22.33-q28(chrX:2299223-155992188)x3,See cases
152157,GRCh38/hg38 Xp22.33-q28(chrX:251880-156004066)x4,See cases
151255,GRCh38/hg38 Xq21.33-22.3(chrX:95823036-104957737)x1,See cases
151130,GRCh38/hg38 Xp22.33-q28(chrX:251880-156004181)x3,See cases
150913,GRCh38/hg38 Xq22.2(chrX:103772099-104048812)x3,See cases
150589,GRCh38/hg38 Xq11.1-28(chrX:62712219-156003242)x3,See cases
150562,GRCh38/hg38 Xq21.1-28(chrX:82211310-156003229)x1,See cases
150509,GRCh38/hg38 Xq21.31-28(chrX:88339926-156003242)x1,See cases
150422,GRCh38/hg38 Xp22.33-q28(chrX:1085618-155699644)x1,See cases
150337,GRCh38/hg38 Xq21.32-23(chrX:93591590-112530092)x3,See cases
150055,GRCh38/hg38 Xq22.2(chrX:103404405-103913265)x2,See cases
149834,GRCh38/hg38 Xq21.1-28(chrX:79911061-156003229)x1,See cases
149705,GRCh38/hg38 Xp22.2-q27.3(chrX:13020141-143473520)x1,See cases
148958,GRCh38/hg38 Xq21.33-28(chrX:95846285-156003242)x3,See cases
148821,GRCh38/hg38 Xp22.33-q22.3(chrX:10701-106113403)x1,See cases
148479,GRCh38/hg38 Xq11.1-28(chrX:62561604-156003242)x3,See cases
148341,GRCh38/hg38 Xq22.1-28(chrX:102197284-156003242)x1,See cases
148052,GRCh38/hg38 Xq13.3-28(chrX:76604011-156022206)x1,See cases
148019,GRCh38/hg38 Xq13.3-28(chrX:75086417-156022206)x1,See cases
147683,GRCh38/hg38 Xp22.33-q28(chrX:2782275-155611794)x2,See cases
147627,GRCh38/hg38 Xp22.33-q28(chrX:2765636-155522304)x3,See cases
147479,GRCh38/hg38 Xq22.2(chrX:103602874-103832685)x2,See cases
147352,GRCh38/hg38 Xq21.33-28(chrX:94462929-156001635)x3,See cases
147257,GRCh38/hg38 Xp22.33-q28(chrX:40904-155998166)x1,See cases
146861,GRCh38/hg38 Xp22.33-q28(chrX:10701-156003229)x1,See cases
146857,GRCh38/hg38 Xp22.33-q25(chrX:10701-128393708),See cases
146845,GRCh38/hg38 Xq21.1-28(chrX:79093152-156003229)x1,See cases
146790,GRCh38/hg38 Xq22.1-23(chrX:100597687-111651116)x4,See cases
146764,GRCh38/hg38 Xp22.33-q28(chrX:10001-156030895)x1,See cases
146240,GRCh38/hg38 Xp21.1-q28(chrX:36237706-156022206)x1,See cases
146131,GRCh38/hg38 Xq21.1-28(chrX:77369933-156013167)x1,See cases
145995,GRCh38/hg38 Xp22.33-q28(chrX:20297-156026127)x1,See cases
145981,GRCh38/hg38 Xq21.31-28(chrX:92222680-156016920)x1,See cases
145974,GRCh38/hg38 Xp21.1-q28(chrX:37076284-156016920)x1,See cases
145624,GRCh38/hg38 Xq13.2-28(chrX:74510116-156022206)x1,See cases
145168,GRCh38/hg38 Xq21.1-28(chrX:78605009-156016560)x1,See cases
145162,GRCh38/hg38 Xp22.33-q28(chrX:20297-155999253)x3,See cases
144543,GRCh38/hg38 Xq11.1-28(chrX:62712230-155978888)x3,See cases
144469,GRCh38/hg38 Xq22.2(chrX:103350804-104033500)x2,See cases
144465,GRCh38/hg38 Xp22.33-q28(chrX:10701-156003242)x1,See cases
144429,GRCh38/hg38 Xp22.33-q28(chrX:10701-156003242)x3,See cases
144310,GRCh38/hg38 Xp22.33-q28(chrX:10701-155978689)x1,See cases
144262,GRCh38/hg38 Xq21.1-28(chrX:85123740-156022206)x3,See cases
144172,GRCh38/hg38 Xp22.33-q28(chrX:10679-156022826)x4,See cases
93235,NM_000533.5(PLP1):c.737G>C (p.Gly246Ala),not provided; Pelizaeus-Merzbacher disease; Hereditary spastic paraplegia 2
93234,NM_000533.5(PLP1):c.683G>A (p.Cys228Tyr),not provided
58664,GRCh38/hg38 Xq22.1-22.3(chrX:101620923-107632397)x3,See cases
58661,GRCh38/hg38 Xq21.1-25(chrX:81261589-126519353)x3,See cases
58586,GRCh38/hg38 Xp22.33-q28(chrX:2790845-155699618)x3,See cases
58555,GRCh38/hg38 Xp22.33-q28(chrX:27245-155996431)x3,See cases
58553,GRCh38/hg38 Xp22.33-q28(chrX:26101-155999293)x3,See cases
57973,GRCh38/hg38 Xq22.1-22.3(chrX:101407698-106274188)x1,See cases
57971,GRCh38/hg38 Xq22.1-28(chrX:100524562-155669954)x1,See cases
57924,GRCh38/hg38 Xq11.1-28(chrX:63279794-155939524)x1,See cases
57923,GRCh38/hg38 Xp11.21-q28(chrX:57372584-155996431)x1,See cases
57225,GRCh38/hg38 Xp22.33-q28(chrX:3092486-155699618)x2,See cases
57161,GRCh38/hg38 Xp22.33-q28(chrX:20140-155699618)x1,See cases
57160,GRCh38/hg38 Xp22.33-q28(chrX:20140-155699618)x3,See cases
57087,GRCh38/hg38 Xp22.33-q28(chrX:10679-156022206)x1,See cases
57086,GRCh38/hg38 Xp22.33-q28(chrX:10679-156022206)x3,See cases
11099,NM_000533.5(PLP1):c.169G>T (p.Asp57Tyr),Pelizaeus-Merzbacher disease
11097,NM_000533.5(PLP1):c.453+28_453+46del,Pelizaeus-Merzbacher disease
11096,NM_000533.5(PLP1):c.453+4A>G,Pelizaeus-Merzbacher disease
11094,NM_000533.5(PLP1):c.762+3G>T,Pelizaeus-Merzbacher disease
11093,NC_000023.11:g.(103477300_103776506)_(104039333_104817980)dup,Pelizaeus-Merzbacher disease
11092,NM_000533.5(PLP1):c.509C>T (p.Ser170Phe),not provided
11091,NM_000533.5(PLP1):c.725C>T (p.Ala242Val),"Pelizaeus-Merzbacher disease, connatal"
11090,NM_000533.5(PLP1):c.434G>A (p.Trp145Ter),Hereditary spastic paraplegia 2; Pelizaeus-Merzbacher disease
11089,NM_000533.5(PLP1):c.710T>C (p.Phe237Ser),Pelizaeus-Merzbacher disease
11087,NM_000533.5(PLP1):c.3G>A (p.Met1Ile),Hereditary spastic paraplegia 2
11086,NM_000533.5(PLP1):c.128C>T (p.Thr43Ile),Pelizaeus-Merzbacher disease
11085,NM_000533.5(PLP1):c.560T>C (p.Ile187Thr),Hereditary spastic paraplegia 2; Pelizaeus-Merzbacher disease
11083,NM_000533.5(PLP1):c.661G>T (p.Gly221Cys),"Pelizaeus-Merzbacher disease, connatal"
11082,NM_000533.5(PLP1):c.220G>A (p.Gly74Arg),Pelizaeus-Merzbacher disease
11081,NM_000533.5(PLP1):c.607G>C (p.Asp203His),Pelizaeus-Merzbacher disease
11079,NM_000533.5(PLP1):c.544A>C (p.Thr182Pro),Pelizaeus-Merzbacher disease
11078,NC_000023.11:g.(?_103776506)_(103799000_104817980)del,Pelizaeus-Merzbacher disease
11077,NM_000533.5(PLP1):c.655G>T (p.Val219Phe),Pelizaeus-Merzbacher disease
11076,NM_000533.5(PLP1):c.467C>T (p.Thr156Ile),Pelizaeus-Merzbacher disease
11075,NM_000533.5(PLP1):c.44C>T (p.Pro15Leu),not provided; Pelizaeus-Merzbacher disease; Hereditary spastic paraplegia 2
11074,NM_000533.5(PLP1):c.487T>C (p.Trp163Arg),not provided; Pelizaeus-Merzbacher disease
11073,NM_000533.5(PLP1):c.646C>T (p.Pro216Ser),not provided
