cell_type,naive_myelination,gated_myelination
OPC,0.01279927413754628,0.0004030063665288614
COP,0.034128752796147965,0.00032731058344722346
NFOL1,0.12347261951929117,0.0028875639117004275
NFOL2,0.13788470361582436,0.004880823061822195
MFOL1,0.1509694242488277,0.04009871106069831
MFOL2,0.16903246276830158,0.04722439366727966
MOL1,0.22813812811923795,0.04740321982198265
MOL2,0.28238031195650193,0.07217868681974043
MOL3,0.27634103087287487,0.07770112936219152
MOL4,0.2541005030489065,0.06057924612860273
MOL5,0.2501621591584272,0.06801710133762373
MOL6,0.31424771181813954,0.0754541000261315
